,precision,recall,f1-score,support
American_Goldfinch,0.9523809523809523,0.9523809523809523,0.9523809523809523,42.0
Blue_Jay,1.0,1.0,1.0,42.0
Cardinal,0.975,1.0,0.9873417721518988,39.0
Herring_Gull,0.7555555555555555,0.8095238095238095,0.7816091954022989,42.0
House_Sparrow,0.9722222222222222,0.8333333333333334,0.8974358974358975,42.0
Red_winged_Blackbird,1.0,0.9523809523809523,0.975609756097561,42.0
Ring_billed_Gull,0.8,0.7619047619047619,0.7804878048780488,42.0
Song_Sparrow,0.851063829787234,0.9523809523809523,0.898876404494382,42.0
Wilson_Warbler,0.723404255319149,0.8095238095238095,0.7640449438202247,42.0
Yellow_Warbler,0.7894736842105263,0.7142857142857143,0.75,42.0
accuracy,0.8776978417266187,0.8776978417266187,0.8776978417266187,0.8776978417266187
macro avg,0.8819100499475638,0.8785714285714284,0.8787786726661263,417.0
weighted avg,0.8812403380766831,0.8776978417266187,0.877997643173423,417.0
