feature_set,model,n_features,acc_mean,acc_std,f1_mean,f1_std
hog_add_imagenet,rbf_svm,635,0.8805333333333334,0.00933714208000619,0.8806849277519546,0.009395913726766524
color_hog_add_imagenet,rbf_svm,731,0.8792,0.006455316499685445,0.8796936967060182,0.006477884912515415
add_imagenet,rbf_svm,535,0.8792,0.010279645475944737,0.8793140240163948,0.01003277723990787
hog_imagenet,rbf_svm,612,0.8781333333333332,0.008373503182990722,0.8784451930071796,0.008404077890053104
imagenet,rbf_svm,512,0.8765333333333333,0.011426285485668599,0.876777779620253,0.011047642802858556
color_imagenet,rbf_svm,608,0.8762666666666666,0.008820178884555326,0.8767392714052347,0.008521950635106175
color_hog_imagenet,rbf_svm,708,0.876,0.007955431408094009,0.8765905298950546,0.008073633607426762
color_add_imagenet,rbf_svm,631,0.876,0.007055336829505583,0.876387273874229,0.006695978275778515
hog_add_imagenet,logistic_regression,635,0.8538666666666666,0.01521636545886621,0.8543540675579206,0.015372916263324432
color_hog_add_imagenet,logistic_regression,731,0.8533333333333333,0.01591086281618805,0.853805676906742,0.015931542355385797
color_hog_imagenet,logistic_regression,708,0.8530666666666666,0.015919798993705936,0.8534435298258092,0.01585068941431862
hog_imagenet,logistic_regression,612,0.8528,0.012439364042336632,0.8532410473575848,0.012458826022564004
add_imagenet,logistic_regression,535,0.8501333333333333,0.01683594039217559,0.850517346163399,0.016287670592538394
color_imagenet,logistic_regression,608,0.8480000000000001,0.01954140902459869,0.8484688440234166,0.019382664589637652
color_add_imagenet,logistic_regression,631,0.8466666666666667,0.018704723111200194,0.847243781442298,0.018206884584254138
imagenet,logistic_regression,512,0.8453333333333333,0.019395302982366067,0.8458217838247478,0.018905816074935265
hog_add_imagenet,extra_trees,635,0.8455999999999999,0.008017758068465561,0.8449445010300106,0.00814824132557393
hog_add_imagenet,random_forest,635,0.8434666666666667,0.0069844271219780376,0.8423825147227875,0.007148714708344303
add_imagenet,random_forest,535,0.8432000000000001,0.0076640575270399795,0.8422066398558974,0.007694816908219351
color_hog_add_imagenet,random_forest,731,0.8408,0.003636848452529576,0.8401059425330141,0.003889249714806417
add_imagenet,extra_trees,535,0.8397333333333334,0.005425863986500201,0.8392029538704016,0.005457568876090088
color_add_imagenet,random_forest,631,0.8394666666666668,0.009183560190785396,0.8389062015742855,0.009473175248931131
color_add_imagenet,extra_trees,631,0.8381333333333334,0.00581797979447237,0.8376780063990044,0.005608889475643009
color_hog_add_imagenet,extra_trees,731,0.8376000000000001,0.006276587891167924,0.8368628037366509,0.0062594001289640955
imagenet,extra_trees,512,0.8309333333333333,0.01034171702915484,0.8304176988061011,0.010648148980977865
color_imagenet,extra_trees,608,0.8290666666666666,0.008236504112789594,0.8287468910357454,0.008625419792766702
hog_imagenet,extra_trees,612,0.8290666666666666,0.005681940200710016,0.8284037622888025,0.005819720482732182
imagenet,random_forest,512,0.8285333333333333,0.011642069308236296,0.8283255881170726,0.011702596904506684
color_hog_imagenet,extra_trees,708,0.8288,0.005938948653685376,0.8280738252511185,0.0061086993959781725
color_hog_imagenet,random_forest,708,0.8269333333333332,0.00988466826285366,0.8265744776744581,0.009951641838050985
color_imagenet,random_forest,608,0.8250666666666666,0.00792856999856986,0.8246029632521845,0.008062665701703
hog_imagenet,random_forest,612,0.8234666666666668,0.008201896799589178,0.8226830233798814,0.008530169985985884
add_imagenet,linear_svm,535,0.8122666666666667,0.016207542825624238,0.8118363123855923,0.015408167711960165
hog_add_imagenet,linear_svm,635,0.8026666666666665,0.018912664774930307,0.802410023262393,0.018556551252457358
hog_imagenet,linear_svm,612,0.8002666666666667,0.0187123251123721,0.7995894000125219,0.01842671113237563
color_add_imagenet,linear_svm,631,0.7992,0.01439999999999998,0.7991227365681933,0.014104988573392404
imagenet,linear_svm,512,0.7976000000000001,0.014999851851120242,0.7975780373685758,0.014076441684274611
color_hog_add_imagenet,linear_svm,731,0.7946666666666667,0.01754739613478624,0.7949620891191882,0.01679074675769919
color_imagenet,linear_svm,608,0.7949333333333334,0.01401966872330124,0.7948662627754436,0.013685583913034727
color_hog_imagenet,linear_svm,708,0.7930666666666667,0.016251358917538768,0.7930557814838417,0.0155109269558421
hog_add,logistic_regression,123,0.5741333333333334,0.011078708308181853,0.5727297009509055,0.011041329313015878
hog_add,linear_svm,123,0.5736000000000001,0.016075377997974975,0.5685488887049371,0.016466689644159718
hog_add,rbf_svm,123,0.5568,0.01737635686148792,0.5595127808945262,0.017272193768944413
color_hog_add,linear_svm,219,0.5456,0.02043787334011706,0.5405996744249547,0.02081591287385714
color_hog_add,rbf_svm,219,0.5314666666666665,0.026054302267891717,0.5361930076996011,0.025384329177906253
hog_add,random_forest,123,0.5402666666666667,0.004649492206443371,0.5354668995411234,0.0045272681165890215
color_hog_add,logistic_regression,219,0.5306666666666666,0.019284997047215528,0.5293014487652103,0.01945207897426887
hog_add,extra_trees,123,0.5253333333333333,0.009314266238172251,0.5187894165313539,0.008286684946764948
color_hog_add,random_forest,219,0.5237333333333333,0.011451152295244757,0.5185020080973172,0.012193518074646829
color_hog_add,extra_trees,219,0.5007999999999999,0.01612396422168636,0.49470657563937614,0.01651584780088253
color_add,random_forest,119,0.4698666666666667,0.018998947339260667,0.46679180601145986,0.01851042582670341
add,logistic_regression,23,0.4669333333333333,0.010679991677067083,0.46598764829938977,0.009009607866588078
color_hog,rbf_svm,196,0.4544,0.029735425935330982,0.45556328378279537,0.030248360094136808
add,rbf_svm,23,0.4498666666666667,0.013428990199481785,0.44804252626734503,0.01418104200858622
hog,rbf_svm,100,0.44800000000000006,0.013333333333333334,0.44793334533875057,0.015114312827446177
hog,extra_trees,100,0.45173333333333343,0.021785214149866783,0.4437057482488198,0.021524565382478166
add,linear_svm,23,0.4538666666666667,0.0118838826427505,0.44363375645679354,0.01134164472810885
add,random_forest,23,0.44506666666666667,0.01223183460392502,0.4414095989716168,0.012837032312386445
color_add,logistic_regression,119,0.4424,0.012376321478263796,0.4413040500206959,0.012421780080483405
color_add,extra_trees,119,0.44053333333333333,0.018659046063504964,0.43751250509940354,0.01894293930688988
hog,random_forest,100,0.4429333333333333,0.008449589076135926,0.43443804314218565,0.009511744542805642
color_add,linear_svm,119,0.4368,0.0067777413478073865,0.429012630085637,0.006474199072429024
color_add,rbf_svm,119,0.4264,0.0037142368739157675,0.42787878545263264,0.0027828799480323916
color_hog,extra_trees,196,0.4333333333333333,0.005529717694220719,0.4250852591331302,0.005785703504124007
color_hog,random_forest,196,0.43146666666666667,0.007283466817998767,0.42238719887747295,0.006524788056304547
add,extra_trees,23,0.4245333333333333,0.008948246258966674,0.42190962530813864,0.008844801044551515
hog,logistic_regression,100,0.4213333333333333,0.015480453625280001,0.41787661359032013,0.016759361266070853
hog,linear_svm,100,0.42186666666666667,0.019017652618320464,0.41373345100592046,0.021753377316320082
color_hog,logistic_regression,196,0.41306666666666664,0.009136982239472976,0.410854357166807,0.01008756841692077
color_hog,linear_svm,196,0.4152,0.013025786391274465,0.41020067328463466,0.014373419366586268
color,extra_trees,96,0.32666666666666666,0.014360439485692008,0.32195429393859254,0.01568811132323718
color,random_forest,96,0.32266666666666666,0.010293471501663359,0.31581691490722263,0.008843911786443828
color,rbf_svm,96,0.26399999999999996,0.01140759980597731,0.26182175898886717,0.01194975616095551
color,logistic_regression,96,0.2016,0.014952368820134595,0.1958293746460412,0.013236852772852865
color,linear_svm,96,0.2024,0.004572380853195266,0.19320382198128389,0.004793746614912337
